{"cameraMode":{"drawMode":0,"name":"Shaded","section":"Shading Mode"},"sceneLighting":true,"audioPlay":false,"sceneViewState":{"m_AlwaysRefresh":false,"showFog":true,"showSkybox":false,"showFlares":true,"showImageEffects":true,"showParticleSystems":true,"showVisualEffectGraphs":true,"m_FxEnabled":true},"in2DMode":false,"pivot":{"x":0.16337397694587708,"y":-0.18607307970523835,"z":0.01153480727225542},"rotation":{"x":0.18657243251800538,"y":0.5789240002632141,"z":-0.13818520307540894,"w":0.7816349864006043},"size":1.4641903638839722,"orthographic":false}