{"cameraMode":{"drawMode":0,"name":"Shaded","section":"Shading Mode"},"sceneLighting":false,"audioPlay":false,"sceneViewState":{"m_AlwaysRefresh":false,"showFog":true,"showSkybox":false,"showFlares":true,"showImageEffects":true,"showParticleSystems":true,"showVisualEffectGraphs":true,"m_FxEnabled":true},"in2DMode":false,"pivot":{"x":-0.13426294922828675,"y":-0.0019858404994010927,"z":0.148289293050766},"rotation":{"x":-0.09336159378290177,"y":-0.6923869848251343,"z":0.0910898745059967,"w":-0.7096471786499023},"size":0.21710160374641419,"orthographic":false}