{"cameraMode":{"drawMode":0,"name":"Shaded","section":"Shading Mode"},"sceneLighting":false,"audioPlay":false,"sceneViewState":{"m_AlwaysRefresh":false,"showFog":false,"showSkybox":false,"showFlares":false,"showImageEffects":false,"showParticleSystems":false,"showVisualEffectGraphs":true,"m_FxEnabled":true},"in2DMode":false,"pivot":{"x":-0.2390691041946411,"y":0.9890455007553101,"z":0.11196506023406983},"rotation":{"x":0.06043704226613045,"y":-0.9384605288505554,"z":0.2190442979335785,"w":0.2603537142276764},"size":0.9822899699211121,"orthographic":false}