{"cameraMode":{"drawMode":0,"name":"Shaded","section":"Shading Mode"},"sceneLighting":false,"audioPlay":false,"sceneViewState":{"m_AlwaysRefresh":false,"showFog":true,"showSkybox":false,"showFlares":true,"showImageEffects":true,"showParticleSystems":true,"showVisualEffectGraphs":true,"m_FxEnabled":true},"in2DMode":false,"pivot":{"x":-2.016606330871582,"y":0.6956353187561035,"z":0.14458811283111573},"rotation":{"x":-0.005149114411324263,"y":0.9785856604576111,"z":-0.20429500937461854,"w":-0.024664580821990968},"size":1.1803432703018189,"orthographic":false}