{"cameraMode":{"drawMode":0,"name":"Shaded","section":"Shading Mode"},"sceneLighting":true,"audioPlay":false,"sceneViewState":{"m_AlwaysRefresh":false,"showFog":true,"showSkybox":true,"showFlares":true,"showImageEffects":true,"showParticleSystems":true,"showVisualEffectGraphs":true,"m_FxEnabled":true},"in2DMode":false,"pivot":{"x":-1.654835820198059,"y":0.3540506362915039,"z":1.418008804321289},"rotation":{"x":0.4685911238193512,"y":0.018544098362326623,"z":-0.009840717539191246,"w":0.8831701278686523},"size":4.894997596740723,"orthographic":false}