{"cameraMode":{"drawMode":0,"name":"Shaded","section":"Shading Mode"},"sceneLighting":true,"audioPlay":false,"sceneViewState":{"m_AlwaysRefresh":false,"showFog":true,"showSkybox":true,"showFlares":true,"showImageEffects":true,"showParticleSystems":true,"showVisualEffectGraphs":true,"m_FxEnabled":true},"in2DMode":false,"pivot":{"x":-0.2908816933631897,"y":0.8780890703201294,"z":0.08240082859992981},"rotation":{"x":0.008469457738101483,"y":0.8170467615127564,"z":0.012003791518509388,"w":-0.5763978958129883},"size":0.6311623454093933,"orthographic":false}