{"cameraMode":{"drawMode":0,"name":"Shaded","section":"Shading Mode"},"sceneLighting":true,"audioPlay":false,"sceneViewState":{"m_AlwaysRefresh":false,"showFog":true,"showSkybox":true,"showFlares":true,"showImageEffects":true,"showParticleSystems":true,"showVisualEffectGraphs":true,"m_FxEnabled":true},"in2DMode":false,"pivot":{"x":0.299775093793869,"y":-5.311431884765625,"z":-31.765039443969728},"rotation":{"x":-0.0005246720393188298,"y":-0.9957772493362427,"z":0.09167899936437607,"w":-0.005684942007064819},"size":17.3974666595459,"orthographic":false}