{"cameraMode":{"drawMode":0,"name":"Shaded","section":"Shading Mode"},"sceneLighting":true,"audioPlay":false,"sceneViewState":{"m_AlwaysRefresh":false,"showFog":true,"showSkybox":true,"showFlares":true,"showImageEffects":true,"showParticleSystems":true,"showVisualEffectGraphs":true,"m_FxEnabled":true},"in2DMode":false,"pivot":{"x":0.2157297134399414,"y":3.945317506790161,"z":2.0506014823913576},"rotation":{"x":0.16421237587928773,"y":0.2328435629606247,"z":-0.03992464393377304,"w":0.9577227830886841},"size":3.7295830249786379,"orthographic":false}